Business Name,What they do (primary category),All place types,Location (address),Website,Place ID
Alamo Shoe Repair,Services,"point_of_interest, service, establishment","3194 Danville Blvd, Alamo, CA 94507, USA",https://topbusinessesusa.top/details/alamo-shoe-repair-ChIJMRh,ChIJMRhpKQKLj4ARDY55SFbKdqI
Peddintamma Temple,Place of Worship,"place_of_worship, association_or_organization, point_of_interest, establishment","Alamo, CA 94507, USA",,ChIJv0SeY9CLj4ARgrNQ6xUFu_g
All Gorgeous Hair,Suppliers,"supplier, point_of_interest, establishment","3198 Danville Blvd, Alamo, CA 94507, USA",http://www.terrynix.com/,ChIJEeA_x--Lj4ARSZjNjWrZ5TA
Alamo Optical,Store,"medical_clinic, health, store, point_of_interest, service, establishment","3198 Danville Blvd, Alamo, CA 94507, USA",http://www.alamooptometry.com/,ChIJmV7wLAKLj4ARtmKEIoQ2sOg
Alamo Cafe,Breakfast Restaurant,"breakfast_restaurant, brunch_restaurant, restaurant, food, point_of_interest, establishment","1 Alamo Square Dr, Alamo, CA 94507, USA",,ChIJV2A-0wOLj4ARN6yS-qmcFf0
At Siino and Associates,Consultant,"consultant, point_of_interest, service, establishment","21 Alamo Square Dr, Alamo, CA 94507, USA",https://www.siinoandassociates.com/contact,ChIJ2UFIzQOLj4ARZ91hJgnm6z0
Minoo's Aesthetic,Skin Care Clinic,"skin_care_clinic, massage_spa, massage, hair_care, beauty_salon, spa, medical_clinic, health, point_of_interest, service, establishment","21 Alamo Square Dr, Alamo, CA 94507, USA",https://minoosaesthetic.com/,ChIJwexoEf6Kj4AR7l7R4Wz-Lp8
Hi-Definition Barbershop Alamo/Danville,Barber shop,"barber_shop, hair_care, health, point_of_interest, service, establishment","9 Alamo Square Dr, Alamo, CA 94507, USA",https://hidefinitionbarbershop.com/,ChIJ5T2Vd46Lj4ARB0L0vN3jJJU
Connect and Protect - Smart Home Showrrom,Manufacturer,"electronics_store, manufacturer, store, point_of_interest, service, establishment","15 Alamo Square Dr, Alamo, CA 94507, USA",http://www.smarthomesecuritycontrol.com/,ChIJKV1y_oaLj4ARjvIkMn2iD7A
Mr Garage Door Repair Alamo,Suppliers,"supplier, point_of_interest, service, establishment","19 Alamo Square Dr, Alamo, CA 94507, USA",https://mrgdoor.com/alamo-ca/,ChIJv0Yw0MNtlFQREZNl8s8gOaA
Cesarblendss,Barber shop,"barber_shop, hair_care, health, point_of_interest, service, establishment","25 Alamo Square Dr, Alamo, CA 94507, USA",http://hidefinition.booksy.com/,ChIJL6dVIB-Lj4ARau36DwEQg2A
Shell Car Wash,Car Wash,"car_wash, point_of_interest, service, establishment","3188 Danville Blvd, Alamo, CA 94507, USA",http://www.rebelstores.com/,ChIJzbzgS4KLj4ARZU1lcOC1tWc
Troy A Jones Agency,Insurance Agency,"insurance_agency, point_of_interest, service, establishment","29 Alamo Square Dr, Alamo, CA 94507, USA",https://agents.farmers.com/ca/alamo/troy-jones,ChIJ_1bYzAOLj4ARvamtXjPjtOU
Herzog Insurance,Insurance Agency,"insurance_agency, point_of_interest, service, establishment","29 Alamo Square Dr, Alamo, CA 94507, USA",https://www.herzoginsurance.net/,ChIJObWj0gOLj4ARrB_x1E4GV18
Shell,Gas Station,"gas_station, convenience_store, car_wash, food_store, food, store, point_of_interest, service, establishment","3188 Danville Blvd, Alamo, CA 94507, USA",https://find.shell.com/us/fuel/10007775-3188-danville-blvd/en_US,ChIJs6ZcIQKLj4ARO_sshab5jCc
Lever Coffee,Coffee Shop,"coffee_shop, bakery, cafe, food_store, food, store, point_of_interest, establishment","37 Alamo Square Dr, Alamo, CA 94507, USA",https://levercoffee.com/,ChIJAQCENAKLj4AR6Ow8y6NHAmo
TradeMark Homes Ltd,General Contractor,"home_goods_store, general_contractor, store, point_of_interest, service, establishment","37 Alamo Square Dr Ste G, Alamo, CA 94507, USA",http://www.trademarkhomesca.com/,ChIJAQAAADDzj4AR7yD4XM22k0k
Xfactor.io,,"point_of_interest, establishment","37 Alamo Square Dr F, Alamo, CA 94507, USA",https://www.xfactor.io/,ChIJN1ngUcCXhYARDKsifdlqRac
"Imagine Dental of Alamo, Yen Nguyen-Lenk, DMD",Dentist,"dentist, health, point_of_interest, establishment","3189 Danville Blvd #110, Alamo, CA 94507, USA",http://www.imaginedental.net/,ChIJs8ZdiAGLj4ARY3ePvYMtvmk
Creekside Hair Studio,Hair Salon,"hair_salon, hair_care, point_of_interest, service, establishment","37 Alamo Square Dr, Alamo, CA 94507, USA",,ChIJpU8PY2CLj4ARY4BhDjprNJo
